{
"chi2_1D": {
"binning": {
"Enu_true": 1.201309184397908,
"ELep": 1.6963157745673394,
"CosLep": 1.5250773642878466,
"Q2": 0.9130251132810064,
"q0": 1.1471056734070622,
"q3": 1.0379929377022217,
"W": 1.2625715464850948,
"Eav": 3.409229490837508
},
"NN": {
"Enu_true": 1.1286631217530043,
"ELep": 1.0322424044501046,
"CosLep": 0.8990640709934635,
"Q2": 0.9404018722875765,
"q0": 1.4663830295424467,
"q3": 0.8211287861453332,
"W": 3.2224669030635633,
"Eav": 8.866577346955015
},
"GBR": {
"Enu_true": 1.0388459344569185,
"ELep": 0.8415721598734264,
"CosLep": 1.0066834103540792,
"Q2": 1.206465890468445,
"q0": 1.5539848276751451,
"q3": 1.0647189194892483,
"W": 0.8109279092932202,
"Eav": 2.0545533800209417
},
"XGB": {
"Enu_true": 1.028450524003407,
"ELep": 0.9301450833085877,
"CosLep": 1.086044271776788,
"Q2": 0.9993729807855459,
"q0": 1.689828609895508,
"q3": 0.8181141488999679,
"W": 0.5261177194443343,
"Eav": 1.8528160307189832
},
"Original": {
"Enu_true": 1.1080475251562563,
"ELep": 1.16418751928907,
"CosLep": 1.1874049544132792,
"Q2": 1.5060038695929638,
"q0": 2.171964595693281,
"q3": 1.687786100303507,
"W": 4.6435253572919875,
"Eav": 10.140496744779735
}
},
"chi2_3D": {
"binning": 1.3606412764424602,
"NN": 0.9570850404449364,
"GBR": 0.9370078796809982,
"XGB": 0.9562337809215838,
"Original": 1.004612913702955
},
"chi2_8D": {
"binning": 1.747244999787186,
"NN": 1.7593916122896405,
"GBR": 1.1022325409305218,
"XGB": 1.0737317404699354,
"Original": 1.955469694149714
},
"swd_custom": {
"binning": 0.00984440402459838,
"NN": 0.008192167539754049,
"GBR": 0.004025488416531976,
"XGB": 0.003138966467813991,
"Original": 0.00713793082650497
},
"p_value_custom": {
"binning": 0.015000000000000013,
"NN": 0.030000000000000027,
"GBR": 0.565,
"XGB": 0.92,
"Original": 0.06000000000000005
},
"swd_3D": {
"binning": 0.012779688397996921,
"NN": 0.010250385598101514,
"GBR": 0.004905852247918361,
"XGB": 0.0038159429419517316,
"Original": 0.00854005036285405
},
"swd_8D": {
"binning": 0.008007836936450245,
"NN": 0.007373315370041853,
"GBR": 0.003960568516307978,
"XGB": 0.003033354800435051,
"Original": 0.0073086374241503865
},
"p_value_3D": {
"binning": 0.015000000000000013,
"NN": 0.03500000000000003,
"GBR": 0.6599999999999999,
"XGB": 0.935,
"Original": 0.11499999999999999
},
"p_value_8D": {
"binning": 0.0050000000000000044,
"NN": 0.015000000000000013,
"GBR": 0.42000000000000004,
"XGB": 0.83,
"Original": 0.020000000000000018
}
}